correct value,prediction
0.0,8.871394e-09
1.0,1.0
0.0,5.1252715e-05
0.0,3.6750473e-07
1.0,1.0
1.0,1.0
1.0,1.0
1.0,1.0
1.0,1.0
1.0,1.0
1.0,1.0
1.0,1.0
0.0,5.332163e-05
1.0,1.0
0.0,0.00036355265
1.0,1.0
1.0,1.0
0.0,1.4467948e-06
1.0,0.9999949
0.0,9.039855e-11
0.0,4.0173222e-11
1.0,1.0
1.0,1.0
1.0,1.0
1.0,1.0
1.0,1.0
1.0,1.0
1.0,1.0
0.0,1.13981194e-07
1.0,1.0
0.0,2.812703e-10
1.0,1.0
0.0,2.732514e-08
0.0,0.00031169297
0.0,4.5757436e-11
1.0,0.9999771
0.0,2.7881146e-08
1.0,1.0
1.0,1.0
0.0,3.3846255e-09
1.0,1.0
1.0,1.0
0.0,1.6833726e-05
0.0,0.00054471404
1.0,0.99999857
0.0,2.1793903e-11
1.0,1.0
1.0,1.0
0.0,0.0007422988
1.0,1.0
0.0,3.5117253e-11
1.0,0.9999877
0.0,3.4469716e-10
0.0,0.0002993805
1.0,1.0
0.0,3.2013037e-09
1.0,1.0
0.0,7.866158e-09
1.0,1.0
0.0,2.2605814e-08
1.0,1.0
1.0,1.0
1.0,1.0
1.0,1.0
1.0,0.9999609
0.0,5.845184e-10
1.0,1.0
0.0,6.611549e-09
1.0,1.0
1.0,1.0
1.0,1.0
0.0,6.362844e-06
1.0,1.0
0.0,2.506017e-05
1.0,1.0
0.0,0.50974464
1.0,1.0
1.0,1.0
0.0,1.1308389e-10
1.0,0.999956
1.0,1.0
1.0,1.0
1.0,1.0
1.0,1.0
1.0,1.0
0.0,2.0272797e-09
1.0,1.0
0.0,2.0495135e-10
1.0,1.0
1.0,0.998161
1.0,1.0
1.0,1.0
1.0,1.0
0.0,2.49729e-09
1.0,1.0
1.0,1.0
0.0,3.5054883e-11
1.0,1.0
0.0,4.9783136e-11
0.0,5.4549934e-11
0.0,4.4642046e-09
0.0,4.7376183e-11
0.0,4.0484115e-06
1.0,1.0
1.0,1.0
1.0,1.0
1.0,1.0
1.0,1.0
1.0,1.0
1.0,1.0
0.0,2.4380444e-07
1.0,1.0
0.0,0.00012993874
0.0,0.21289872
0.0,1.3967227e-09
1.0,1.0
0.0,5.021574e-10
1.0,1.0
1.0,1.0
0.0,1.2147963e-11
1.0,1.0
0.0,2.7588923e-12
0.0,4.009973e-11
0.0,8.081928e-07
1.0,1.0
1.0,1.0
1.0,1.0
1.0,1.0
0.0,1.5413752e-10
1.0,1.0
1.0,1.0
1.0,1.0
1.0,1.0
0.0,1.9331795e-08
1.0,1.0
1.0,1.0
0.0,1.4295439e-05
1.0,1.0
1.0,1.0
0.0,5.5652895e-11
1.0,1.0
1.0,1.0
1.0,1.0
1.0,1.0
0.0,7.844568e-09
1.0,1.0
1.0,1.0
1.0,1.0
1.0,1.0
1.0,1.0
1.0,1.0
0.0,5.287562e-08
0.0,3.2615236e-10
1.0,0.80605626
0.0,8.305991e-07
0.0,8.333168e-10
1.0,1.0
1.0,1.0
0.0,0.00036616938
1.0,0.9999995
0.0,5.3695436e-07
1.0,1.0
1.0,1.0
1.0,1.0
1.0,0.99996495
1.0,1.0
1.0,1.0
1.0,1.0
0.0,9.404186e-07
1.0,1.0
1.0,1.0
1.0,1.0
0.0,5.5169824e-10
1.0,1.0
0.0,7.127727e-09
1.0,1.0
1.0,1.0
0.0,2.824187e-09
0.0,4.9395233e-08
1.0,1.0
0.0,4.6098816e-11
1.0,1.0
1.0,1.0
1.0,1.0
1.0,0.99740666
1.0,1.0
0.0,3.021025e-05
0.0,1.745072e-10
1.0,0.9999999
0.0,5.488864e-10
0.0,9.42764e-09
1.0,1.0
0.0,7.0462054e-05
1.0,0.9999999
0.0,2.5619752e-08
0.0,8.357099e-08
1.0,1.0
1.0,1.0
1.0,1.0
0.0,4.7428526e-11
1.0,1.0
0.0,1.4895647e-10
1.0,1.0
1.0,1.0
1.0,1.0
0.0,6.3578094e-11
1.0,1.0
1.0,1.0
1.0,1.0
1.0,1.0
1.0,1.0
1.0,1.0
0.0,3.9182949e-10
1.0,1.0
1.0,1.0
1.0,0.9865861
0.0,7.7810494e-11
0.0,4.4629105e-09
1.0,1.0
1.0,1.0
1.0,1.0
1.0,1.0
1.0,1.0
0.0,4.311804e-09
1.0,1.0
1.0,1.0
1.0,1.0
0.0,1.1425492e-09
1.0,1.0
1.0,1.0
0.0,7.183893e-08
0.0,1.3298597e-09
1.0,0.999998
1.0,1.0
1.0,1.0
0.0,5.8629197e-08
0.0,9.699103e-12
0.0,2.2507249e-05
0.0,2.1985366e-08
1.0,1.0
1.0,1.0
1.0,1.0
1.0,1.0
1.0,1.0
1.0,1.0
0.0,4.5066513e-11
0.0,3.5661718e-10
0.0,1.3237864e-05
0.0,1.1861176e-10
1.0,1.0
1.0,1.0
1.0,1.0
1.0,1.0
1.0,1.0
0.0,4.0276435e-10
1.0,1.0
1.0,0.90481013
1.0,1.0
1.0,1.0
1.0,1.0
0.0,3.2933685e-09
0.0,1.4575604e-08
0.0,1.0945039e-06
1.0,1.0
1.0,1.0
0.0,5.956952e-07
1.0,1.0
1.0,1.0
1.0,1.0
1.0,1.0
0.0,1.8795147e-08
0.0,9.449419e-10
1.0,1.0
0.0,3.3789508e-08
1.0,1.0
1.0,1.0
1.0,1.0
0.0,2.3649849e-05
1.0,1.0
1.0,1.0
1.0,1.0
0.0,2.4474996e-08
1.0,1.0
1.0,1.0
0.0,4.2096002e-09
1.0,1.0
0.0,1.8023262e-09
1.0,1.0
1.0,1.0
0.0,3.5719716e-10
1.0,1.0
0.0,2.6265313e-11
1.0,1.0
1.0,1.0
1.0,1.0
1.0,1.0
1.0,1.0
1.0,1.0
1.0,1.0
1.0,1.0
0.0,4.218035e-05
1.0,1.0
1.0,1.0
1.0,1.0
1.0,1.0
1.0,1.0
1.0,1.0
1.0,1.0
1.0,0.9999944
1.0,1.0
0.0,1.0935383e-11
0.0,2.778051e-11
0.0,5.2812676e-10
1.0,1.0
0.0,3.6511903e-08
1.0,1.0
0.0,2.461527e-06
1.0,1.0
1.0,1.0
1.0,1.0
0.0,5.902798e-12
1.0,1.0
1.0,1.0
1.0,1.0
0.0,0.0001212103
1.0,1.0
0.0,5.5114684e-11
1.0,1.0
1.0,1.0
0.0,4.99548e-08
0.0,0.00017161162
1.0,0.99999785
0.0,1.7029705e-10
0.0,2.0979702e-08
0.0,1.444932e-09
0.0,1.9496598e-05
1.0,0.9999813
1.0,1.0
0.0,6.7037638e-09
0.0,2.0997277e-08
0.0,1.5262505e-10
0.0,0.22378506
1.0,1.0
1.0,1.0
1.0,1.0
0.0,5.301068e-10
1.0,1.0
1.0,1.0
1.0,1.0
0.0,5.32107e-08
1.0,0.99650216
0.0,4.3436767e-08
1.0,1.0
0.0,2.0071925e-08
1.0,1.0
0.0,7.604934e-11
1.0,1.0
0.0,1.955945e-08
0.0,6.596122e-12
0.0,1.1803463e-11
1.0,1.0
1.0,1.0
1.0,1.0
1.0,1.0
1.0,1.0
1.0,0.99999785
0.0,2.296578e-09
0.0,1.0589096e-11
1.0,1.0
1.0,1.0
1.0,1.0
0.0,2.0979214e-05
1.0,1.0
0.0,1.0318154e-09
1.0,1.0
1.0,1.0
1.0,1.0
1.0,1.0
0.0,3.649906e-07
1.0,1.0
1.0,1.0
1.0,1.0
1.0,1.0
1.0,1.0
1.0,1.0
1.0,1.0
1.0,1.0
1.0,1.0
0.0,7.719168e-06
0.0,6.281253e-09
1.0,1.0
1.0,1.0
0.0,3.5615e-11
1.0,1.0
0.0,3.9539025e-10
1.0,1.0
1.0,1.0
1.0,1.0
1.0,1.0
1.0,0.9998091
1.0,1.0
1.0,1.0
1.0,1.0
0.0,6.491091e-10
0.0,1.5390111e-09
1.0,1.0
0.0,1.628412e-09
1.0,1.0
1.0,1.0
0.0,1.9875197e-08
1.0,1.0
1.0,1.0
0.0,2.604309e-10
1.0,1.0
0.0,2.3375317e-09
0.0,9.164287e-06
1.0,1.0
0.0,7.369637e-10
0.0,2.2754026e-11
1.0,1.0
0.0,3.7360835e-06
0.0,4.8209914e-10
1.0,1.0
0.0,6.210668e-09
1.0,1.0
1.0,1.0
1.0,1.0
0.0,8.553361e-11
1.0,1.0
1.0,1.0
0.0,2.0637764e-10
1.0,1.0
1.0,1.0
0.0,2.2935224e-05
0.0,1.2554253e-07
1.0,0.9999987
1.0,1.0
1.0,1.0
1.0,1.0
0.0,9.630807e-11
1.0,0.999995
1.0,1.0
0.0,8.292226e-11
0.0,9.102714e-06
1.0,1.0
0.0,1.4116316e-10
0.0,0.00082798133
0.0,2.9676026e-09
1.0,1.0
1.0,1.0
1.0,1.0
1.0,1.0
0.0,1.0378775e-06
1.0,1.0
1.0,1.0
1.0,1.0
1.0,1.0
1.0,1.0
0.0,3.6335664e-11
1.0,1.0
1.0,1.0
0.0,3.105748e-06
1.0,1.0
0.0,8.2645244e-07
1.0,1.0
1.0,1.0
1.0,1.0
0.0,0.87131983
0.0,3.872546e-07
1.0,1.0
1.0,1.0
1.0,1.0
1.0,1.0
0.0,5.068941e-09
0.0,3.4970052e-12
0.0,8.852049e-11
1.0,1.0
1.0,0.95536757
1.0,1.0
1.0,1.0
1.0,1.0
0.0,4.5085156e-07
1.0,1.0
1.0,1.0
0.0,6.620682e-10
1.0,1.0
1.0,1.0
1.0,1.0
0.0,9.4752175e-12
0.0,2.7722842e-09
0.0,4.796527e-05
0.0,1.3235481e-10
1.0,1.0
0.0,1.4260952e-08
1.0,1.0
0.0,0.034701586
0.0,3.010035e-11
1.0,1.0
1.0,0.9825005
1.0,1.0
1.0,0.9469209
1.0,1.0
1.0,1.0
1.0,1.0
1.0,1.0
1.0,1.0
0.0,4.948441e-09
1.0,1.0
1.0,1.0
1.0,1.0
1.0,1.0
1.0,1.0
1.0,1.0
0.0,1.8181848e-09
0.0,5.873296e-06
1.0,1.0
0.0,2.243058e-08
0.0,5.415633e-10
0.0,3.555476e-06
1.0,1.0
1.0,1.0
0.0,0.0013413834
1.0,1.0
0.0,9.8884054e-11
1.0,1.0
0.0,6.4053864e-07
1.0,1.0
0.0,2.840613e-11
1.0,1.0
1.0,1.0
0.0,9.192371e-08
1.0,1.0
1.0,1.0
1.0,1.0
1.0,1.0
0.0,4.2582587e-11
1.0,1.0
1.0,1.0
1.0,0.99993086
0.0,4.1548452e-07
0.0,1.3232213e-08
1.0,1.0
1.0,1.0
0.0,1.2266291e-06
0.0,1.3098244e-06
0.0,1.6593793e-10
1.0,1.0
0.0,9.005793e-12
1.0,1.0
1.0,1.0
1.0,1.0
1.0,1.0
1.0,1.0
1.0,1.0
1.0,1.0
0.0,2.447285e-08
1.0,1.0
1.0,1.0
1.0,1.0
0.0,1.6202104e-10
0.0,2.728676e-06
0.0,3.6606683e-11
0.0,8.4979195e-07
1.0,1.0
0.0,2.4086425e-10
0.0,3.9011584e-06
1.0,1.0
1.0,0.99999964
1.0,1.0
1.0,1.0
0.0,1.2641843e-10
1.0,1.0
1.0,1.0
1.0,0.99999166
1.0,1.0
1.0,1.0
1.0,1.0
0.0,1.4770097e-09
1.0,0.96537226
1.0,1.0
1.0,1.0
1.0,1.0
1.0,1.0
0.0,6.5874564e-09
1.0,1.0
1.0,1.0
1.0,1.0
1.0,1.0
0.0,8.242217e-09
0.0,1.6888792e-11
1.0,1.0
0.0,6.388226e-10
1.0,1.0
1.0,1.0
1.0,1.0
1.0,1.0
1.0,1.0
1.0,1.0
1.0,1.0
1.0,0.9896484
0.0,1.3257004e-06
1.0,1.0
1.0,1.0
0.0,1.9115858e-07
1.0,1.0
0.0,9.495517e-12
1.0,1.0
1.0,1.0
1.0,1.0
1.0,1.0
1.0,1.0
1.0,1.0
0.0,3.109755e-12
1.0,1.0
1.0,1.0
1.0,1.0
0.0,1.0605691e-07
1.0,1.0
1.0,1.0
1.0,1.0
1.0,1.0
1.0,1.0
0.0,5.447928e-06
1.0,1.0
1.0,1.0
0.0,1.0752081e-10
1.0,1.0
1.0,1.0
1.0,1.0
0.0,7.926366e-06
1.0,1.0
0.0,3.01336e-08
0.0,2.7790437e-10
0.0,4.693815e-11
0.0,1.9085417e-07
1.0,1.0
1.0,1.0
1.0,0.99954516
0.0,6.329791e-05
0.0,2.2944478e-11
1.0,1.0
1.0,1.0
1.0,1.0
1.0,1.0
0.0,1.5619566e-09
0.0,7.75091e-06
1.0,1.0
1.0,1.0
0.0,2.2547444e-10
0.0,5.7501786e-08
0.0,1.00078635e-11
1.0,1.0
1.0,1.0
1.0,1.0
1.0,1.0
1.0,1.0
1.0,1.0
0.0,1.2599417e-08
1.0,1.0
1.0,0.999998
1.0,1.0
1.0,1.0
0.0,1.8733522e-07
1.0,1.0
0.0,3.2658917e-11
1.0,1.0
0.0,1.0119023e-05
0.0,3.225114e-09
0.0,2.572807e-08
0.0,3.3142534e-08
1.0,1.0
0.0,1.8081038e-09
1.0,1.0
1.0,1.0
1.0,1.0
1.0,1.0
1.0,1.0
0.0,1.550462e-05
1.0,1.0
1.0,1.0
1.0,1.0
0.0,7.6048656e-10
1.0,1.0
0.0,1.5545226e-10
0.0,1.6995942e-08
0.0,3.4317802e-09
0.0,9.9174745e-11
1.0,1.0
1.0,1.0
1.0,1.0
1.0,1.0
0.0,6.893966e-08
0.0,5.3575464e-09
0.0,0.00016649411
1.0,1.0
0.0,3.161854e-09
0.0,4.6793702e-05
0.0,7.118083e-12
1.0,1.0
1.0,1.0
0.0,1.7075426e-11
1.0,1.0
0.0,1.3397473e-10
0.0,0.00917029
1.0,1.0
1.0,1.0
1.0,1.0
0.0,0.00057766953
0.0,8.5610445e-08
0.0,2.4831567e-07
1.0,1.0
1.0,1.0
0.0,6.520904e-08
1.0,1.0
0.0,5.343873e-08
0.0,4.16432e-09
0.0,2.3637703e-08
0.0,7.240752e-06
0.0,8.481547e-09
1.0,1.0
0.0,2.0246453e-08
1.0,1.0
0.0,0.053388905
1.0,1.0
0.0,3.6492998e-10
1.0,1.0
0.0,0.5382466
0.0,0.03993425
1.0,1.0
1.0,1.0
0.0,2.6855517e-08
0.0,2.0042457e-07
0.0,2.4866383e-06
1.0,1.0
0.0,1.2444076e-07
0.0,2.4576138e-07
1.0,1.0
1.0,1.0
0.0,8.8079904e-11
0.0,4.3786814e-11
1.0,1.0
0.0,6.3638237e-07
1.0,1.0
0.0,1.1108787e-09
1.0,1.0
0.0,2.3251268e-08
1.0,1.0
0.0,3.6722876e-09
1.0,1.0
0.0,1.6232069e-07
1.0,0.99999976
0.0,0.00014916355
1.0,1.0
1.0,1.0
0.0,1.3547612e-11
1.0,1.0
0.0,1.2874417e-11
1.0,1.0
0.0,4.6327684e-09
1.0,1.0
1.0,1.0
1.0,1.0
0.0,2.3846333e-11
1.0,1.0
0.0,2.936313e-10
0.0,1.06087916e-10
1.0,1.0
0.0,0.0006472474
0.0,3.7112946e-05
0.0,1.5404876e-10
1.0,1.0
1.0,1.0
0.0,1.5680259e-08
0.0,1.3994706e-07
1.0,1.0
1.0,1.0
1.0,1.0
1.0,1.0
0.0,2.1507606e-11
1.0,1.0
0.0,2.8867431e-08
0.0,4.6842993e-05
0.0,5.027576e-09
0.0,8.2322156e-11
1.0,1.0
0.0,8.4599975e-08
0.0,1.7922706e-10
1.0,1.0
1.0,1.0
0.0,7.19879e-05
0.0,2.3499663e-06
1.0,1.0
1.0,1.0
1.0,1.0
0.0,1.8501205e-09
1.0,1.0
0.0,1.1547633e-09
0.0,3.2392868e-09
0.0,4.1150877e-10
0.0,6.6481665e-10
0.0,5.55651e-10
1.0,1.0
0.0,4.4555918e-11
0.0,2.0917828e-06
0.0,1.0301327e-06
1.0,1.0
1.0,1.0
1.0,1.0
0.0,8.9461093e-07
1.0,1.0
0.0,1.0152826e-05
0.0,1.6243388e-06
1.0,1.0
1.0,1.0
1.0,1.0
1.0,1.0
0.0,5.9936716e-05
1.0,1.0
1.0,1.0
1.0,1.0
0.0,4.331083e-09
0.0,8.805028e-07
1.0,1.0
0.0,2.924913e-05
0.0,0.0006354249
0.0,4.393774e-05
1.0,0.99947196
1.0,0.9999143
0.0,1.2912998e-08
0.0,3.315625e-08
1.0,1.0
0.0,5.146485e-10
1.0,1.0
1.0,1.0
0.0,0.7047636
1.0,1.0
1.0,1.0
0.0,1.6754335e-10
0.0,9.214731e-09
0.0,1.1153994e-06
0.0,8.4974664e-07
0.0,2.9023175e-08
0.0,2.4314089e-09
1.0,1.0
0.0,3.4419637e-11
0.0,5.4707847e-09
1.0,1.0
0.0,4.386029e-11
1.0,1.0
1.0,1.0
1.0,1.0
0.0,2.9780668e-11
1.0,1.0
0.0,1.1816461e-07
1.0,1.0
1.0,0.99999166
0.0,0.00067872327
1.0,1.0
1.0,1.0
0.0,9.24996e-07
0.0,3.5343994e-10
1.0,1.0
0.0,1.4712261e-09
1.0,1.0
1.0,1.0
1.0,1.0
1.0,0.99998224
1.0,1.0
1.0,1.0
1.0,1.0
1.0,1.0
1.0,1.0
0.0,2.4458452e-10
1.0,1.0
1.0,1.0
1.0,0.9999567
1.0,1.0
0.0,0.0018598824
0.0,1.0545826e-10
1.0,1.0
1.0,1.0
1.0,1.0
0.0,0.005299245
0.0,1.1895203e-06
0.0,1.36044355e-05
0.0,7.435708e-12
1.0,1.0
1.0,1.0
0.0,0.00012876512
1.0,1.0
0.0,2.5810176e-10
1.0,0.94585025
0.0,2.2786797e-09
1.0,1.0
1.0,1.0
1.0,1.0
0.0,1.6930832e-06
0.0,2.7974826e-05
1.0,1.0
0.0,3.818439e-06
1.0,1.0
0.0,0.00021822729
1.0,1.0
0.0,1.9877414e-10
1.0,1.0
1.0,1.0
0.0,3.3496353e-10
0.0,1.0557666e-09
0.0,5.9854305e-10
0.0,2.0571329e-06
1.0,1.0
1.0,1.0
1.0,1.0
0.0,3.5008645e-11
0.0,4.962922e-09
1.0,1.0
1.0,1.0
0.0,2.8515215e-09
1.0,0.99174726
1.0,1.0
1.0,1.0
1.0,1.0
1.0,1.0
1.0,1.0
1.0,1.0
1.0,0.9985201
1.0,1.0
0.0,5.193039e-09
1.0,1.0
1.0,1.0
0.0,4.5208996e-11
1.0,0.99982184
0.0,5.661047e-10
1.0,1.0
1.0,1.0
1.0,1.0
1.0,1.0
1.0,0.9999999
0.0,4.2819595e-11
0.0,5.6897986e-10
1.0,1.0
1.0,1.0
0.0,2.3928903e-10
1.0,1.0
1.0,0.99999964
0.0,7.161222e-09
0.0,2.8274666e-11
1.0,1.0
1.0,1.0
1.0,1.0
0.0,1.0230801e-07
0.0,6.655468e-08
1.0,1.0
1.0,1.0
1.0,1.0
1.0,1.0
1.0,1.0
1.0,1.0
0.0,6.1593947e-10
0.0,1.1395512e-07
1.0,1.0
1.0,1.0
1.0,1.0
0.0,6.5420075e-08
1.0,1.0
0.0,3.6448938e-07
1.0,1.0
1.0,1.0
1.0,1.0
1.0,1.0
1.0,1.0
0.0,7.875312e-10
1.0,1.0
1.0,1.0
0.0,2.1376563e-08
1.0,1.0
0.0,1.5749498e-08
0.0,5.4363493e-11
0.0,2.0585696e-05
1.0,1.0
1.0,1.0
0.0,7.552859e-09
1.0,1.0
1.0,1.0
1.0,1.0
1.0,1.0
0.0,9.491217e-10
1.0,1.0
1.0,1.0
0.0,6.349209e-10
1.0,1.0
1.0,1.0
1.0,1.0
0.0,7.096157e-10
0.0,5.800872e-09
0.0,4.724626e-10
1.0,1.0
0.0,4.9574748e-08
0.0,1.6210087e-09
1.0,1.0
0.0,1.8988372e-10
1.0,1.0
1.0,1.0
1.0,1.0
0.0,8.3325646e-10
0.0,4.2288248e-05
0.0,3.373619e-08
1.0,1.0
0.0,1.5374958e-07
0.0,1.6179753e-09
0.0,1.2250009e-08
0.0,2.2642496e-08
1.0,1.0
1.0,1.0
1.0,1.0
0.0,4.167337e-10
0.0,1.2770626e-06
1.0,1.0
0.0,6.2004825e-11
1.0,1.0
1.0,1.0
1.0,1.0
0.0,2.8653246e-10
1.0,1.0
1.0,1.0
1.0,1.0
1.0,1.0
0.0,2.1862445e-10
0.0,3.0852947e-09
1.0,1.0
1.0,1.0
0.0,5.7406123e-07
1.0,1.0
1.0,1.0
0.0,1.3372401e-05
1.0,1.0
1.0,1.0
1.0,1.0
0.0,9.437063e-10
1.0,1.0
1.0,1.0
1.0,1.0
1.0,0.96493286
1.0,1.0
0.0,5.4123134e-08
0.0,1.4269108e-09
1.0,1.0
1.0,1.0
1.0,1.0
1.0,1.0
0.0,1.7884912e-07
1.0,1.0
0.0,6.9582318e-09
0.0,1.120843e-10
1.0,1.0
1.0,1.0
0.0,2.7840133e-11
1.0,1.0
0.0,5.747682e-11
1.0,1.0
0.0,3.8272905e-08
1.0,1.0
1.0,0.9999989
0.0,6.2483155e-06
1.0,1.0
1.0,1.0
1.0,1.0
0.0,0.020727191
1.0,1.0
1.0,1.0
0.0,2.5814078e-09
1.0,1.0
1.0,1.0
1.0,1.0
1.0,1.0
1.0,1.0
0.0,4.2274646e-08
0.0,3.63315e-07
1.0,1.0
1.0,1.0
1.0,1.0
1.0,1.0
1.0,1.0
0.0,4.291776e-05
1.0,1.0
0.0,2.8420262e-08
0.0,1.29516805e-11
1.0,1.0
1.0,1.0
0.0,2.7611008e-10
1.0,1.0
1.0,1.0
1.0,1.0
0.0,1.1270661e-05
1.0,1.0
1.0,1.0
0.0,1.0809498e-09
0.0,5.6194466e-10
0.0,3.8945618e-11
1.0,1.0
0.0,3.5805492e-08
0.0,0.00042412078
1.0,1.0
0.0,8.273489e-11
0.0,1.3494319e-07
0.0,3.688375e-05
1.0,1.0
1.0,1.0
1.0,1.0
1.0,1.0
1.0,1.0
0.0,5.8204632e-06
1.0,0.99999607
1.0,1.0
0.0,1.6253042e-11
1.0,1.0
1.0,1.0
0.0,2.5028609e-08
1.0,1.0
1.0,1.0
1.0,1.0
1.0,1.0
1.0,1.0
1.0,0.9999999
1.0,1.0
1.0,1.0
1.0,1.0
0.0,1.1960201e-06
1.0,1.0
1.0,1.0
0.0,5.4897437e-10
1.0,1.0
0.0,3.3753306e-08
1.0,0.99999106
1.0,0.98607594
0.0,1.1792064e-05
1.0,1.0
1.0,1.0
0.0,5.417208e-12
1.0,1.0
1.0,1.0
1.0,1.0
1.0,1.0
0.0,5.3131775e-09
1.0,1.0
0.0,7.8420204e-10
1.0,0.8009384
0.0,2.7075812e-11
1.0,1.0
1.0,1.0
1.0,1.0
0.0,9.125604e-08
0.0,8.5240936e-05
1.0,1.0
1.0,0.99999964
0.0,1.6505598e-10
1.0,1.0
0.0,7.032492e-05
1.0,1.0
1.0,1.0
1.0,1.0
1.0,1.0
1.0,1.0
0.0,1.4007765e-07
1.0,1.0
1.0,1.0
1.0,1.0
1.0,1.0
0.0,2.483741e-10
0.0,3.4174327e-11
0.0,7.0308893e-12
1.0,1.0
1.0,1.0
1.0,0.9696028
1.0,0.999926
0.0,2.3602438e-06
1.0,1.0
0.0,8.917831e-08
0.0,1.0898844e-10
1.0,1.0
0.0,3.6159975e-08
0.0,2.8184172e-10
0.0,8.2197076e-08
0.0,2.3970473e-10
1.0,1.0
0.0,0.043343037
1.0,1.0
0.0,0.0064405617
0.0,1.5533227e-05
1.0,1.0
1.0,1.0
1.0,0.9729408
0.0,1.3584188e-09
1.0,0.99999917
1.0,1.0
1.0,1.0
1.0,1.0
1.0,1.0
1.0,1.0
1.0,1.0
0.0,1.04676906e-10
1.0,1.0
1.0,1.0
0.0,1.4313309e-06
0.0,1.5537853e-09
1.0,1.0
1.0,1.0
1.0,1.0
0.0,1.0485332e-05
0.0,4.6283632e-12
1.0,1.0
1.0,1.0
1.0,1.0
1.0,1.0
1.0,1.0
0.0,5.0272664e-10
1.0,1.0
0.0,4.177524e-10
1.0,1.0
0.0,3.565462e-05
0.0,1.0401932e-10
0.0,1.1910892e-06
1.0,1.0
1.0,1.0
1.0,1.0
1.0,1.0
1.0,1.0
0.0,1.5786942e-08
1.0,1.0
1.0,1.0
0.0,4.2273196e-08
1.0,1.0
0.0,1.5328854e-09
1.0,1.0
1.0,1.0
0.0,5.262364e-10
0.0,1.8556479e-09
1.0,1.0
0.0,9.3014824e-10
1.0,1.0
0.0,2.4930555e-12
1.0,1.0
0.0,9.763337e-09
1.0,1.0
1.0,1.0
1.0,1.0
1.0,1.0
1.0,1.0
1.0,1.0
1.0,1.0
0.0,3.271057e-09
0.0,1.9994664e-08
0.0,4.0241385e-08
0.0,0.052372478
1.0,1.0
1.0,1.0
0.0,2.0295562e-07
1.0,1.0
1.0,1.0
0.0,5.2344795e-08
1.0,1.0
1.0,1.0
1.0,1.0
0.0,4.2262712e-08
0.0,2.377696e-09
1.0,1.0
1.0,1.0
0.0,4.3669048e-11
1.0,1.0
1.0,1.0
0.0,6.686573e-06
1.0,1.0
1.0,1.0
1.0,1.0
0.0,0.014265651
1.0,1.0
0.0,1.6079216e-09
0.0,1.4893878e-11
1.0,1.0
0.0,6.440746e-11
1.0,1.0
0.0,7.0315167e-09
0.0,2.7088727e-11
0.0,1.3045658e-09
0.0,5.62291e-10
1.0,1.0
1.0,1.0
1.0,1.0
1.0,1.0
1.0,1.0
1.0,1.0
1.0,1.0
1.0,1.0
0.0,1.6521494e-06
1.0,1.0
1.0,1.0
0.0,5.452697e-10
1.0,1.0
1.0,1.0
1.0,1.0
0.0,3.1382654e-09
1.0,1.0
0.0,0.0001902362
0.0,2.6894222e-06
1.0,1.0
0.0,3.038814e-07
1.0,1.0
1.0,1.0
1.0,1.0
1.0,1.0
1.0,1.0
1.0,1.0
0.0,4.0684103e-10
1.0,1.0
1.0,1.0
0.0,6.760985e-07
1.0,1.0
1.0,0.80808705
0.0,2.0073207e-10
0.0,2.8383156e-06
0.0,6.511598e-11
1.0,1.0
1.0,1.0
1.0,1.0
1.0,1.0
1.0,1.0
1.0,1.0
0.0,1.4285531e-05
1.0,1.0
1.0,1.0
1.0,1.0
0.0,4.0541877e-06
1.0,1.0
0.0,8.490943e-11
0.0,1.596831e-05
1.0,1.0
1.0,1.0
1.0,1.0
1.0,1.0
0.0,3.5617803e-10
1.0,1.0
1.0,1.0
1.0,1.0
1.0,1.0
0.0,4.4093135e-11
1.0,1.0
0.0,4.9847272e-11
0.0,3.7010933e-11
1.0,1.0
1.0,1.0
0.0,3.9439918e-05
0.0,5.849893e-09
0.0,5.529864e-11
0.0,3.3115666e-06
0.0,4.357418e-05
0.0,5.7469123e-08
1.0,1.0
0.0,3.6829568e-09
1.0,1.0
1.0,1.0
0.0,0.082924575
0.0,2.5372492e-05
1.0,1.0
1.0,1.0
1.0,1.0
1.0,1.0
1.0,1.0
0.0,1.2291246e-06
1.0,1.0
0.0,1.5013349e-08
0.0,4.8549795e-09
1.0,1.0
1.0,1.0
0.0,1.0828965e-05
1.0,1.0
0.0,2.5863447e-10
1.0,1.0
1.0,1.0
1.0,1.0
0.0,0.0063613253
1.0,1.0
0.0,1.2198133e-08
0.0,2.6657412e-06
1.0,1.0
0.0,2.2460828e-05
1.0,1.0
0.0,2.5526548e-11
0.0,0.00047754444
0.0,2.5094201e-11
0.0,0.0003451859
0.0,0.030777518
1.0,1.0
1.0,1.0
1.0,0.83535665
1.0,1.0
1.0,1.0
0.0,2.0198971e-08
1.0,1.0
1.0,1.0
0.0,1.9974939e-06
1.0,1.0
0.0,0.00015998955
1.0,1.0
1.0,1.0
1.0,1.0
1.0,1.0
1.0,1.0
1.0,1.0
1.0,0.9999865
1.0,1.0
1.0,1.0
1.0,1.0
1.0,1.0
1.0,1.0
1.0,0.99999976
1.0,1.0
1.0,1.0
1.0,1.0
0.0,9.381429e-10
1.0,1.0
0.0,1.8430023e-07
0.0,1.4240344e-06
1.0,1.0
1.0,1.0
0.0,9.227413e-07
1.0,1.0
0.0,2.0252883e-10
1.0,1.0
0.0,0.023076672
1.0,1.0
0.0,2.1560713e-07
1.0,1.0
0.0,3.1524187e-06
0.0,1.5508702e-11
1.0,0.9999994
0.0,2.246983e-07
0.0,8.404808e-10
1.0,1.0
0.0,9.237071e-11
0.0,4.524881e-09
1.0,1.0
1.0,1.0
1.0,1.0
1.0,1.0
1.0,1.0
1.0,1.0
1.0,1.0
1.0,1.0
0.0,3.9750635e-06
1.0,1.0
1.0,1.0
1.0,1.0
1.0,0.9367621
0.0,5.5102746e-06
1.0,1.0
0.0,6.8250565e-06
1.0,0.99998057
1.0,1.0
1.0,1.0
1.0,1.0
1.0,1.0
0.0,7.6390495e-07
1.0,1.0
1.0,1.0
1.0,1.0
1.0,1.0
1.0,1.0
1.0,1.0
1.0,1.0
1.0,1.0
0.0,9.18346e-10
0.0,1.6952477e-10
1.0,1.0
1.0,1.0
0.0,4.621761e-05
1.0,0.99999535
1.0,1.0
1.0,1.0
1.0,1.0
1.0,1.0
1.0,1.0
1.0,1.0
1.0,1.0
1.0,1.0
0.0,9.630839e-08
1.0,0.9999989
0.0,7.884449e-06
0.0,2.3794225e-06
0.0,1.1755014e-09
0.0,3.459503e-08
1.0,1.0
1.0,1.0
1.0,1.0
0.0,3.1339898e-06
1.0,1.0
0.0,8.835076e-08
0.0,6.42135e-07
1.0,1.0
1.0,1.0
1.0,1.0
0.0,1.3857352e-05
0.0,2.32888e-07
1.0,1.0
1.0,1.0
0.0,5.0066456e-07
1.0,1.0
0.0,2.2922081e-11
0.0,5.148485e-11
0.0,5.5689718e-08
1.0,1.0
0.0,5.341257e-11
1.0,1.0
1.0,1.0
1.0,0.999961
0.0,4.870287e-11
1.0,1.0
1.0,1.0
1.0,1.0
0.0,4.3353043e-10
1.0,0.99713624
0.0,8.011201e-12
1.0,1.0
1.0,1.0
0.0,0.008278861
0.0,8.514398e-10
1.0,1.0
1.0,1.0
1.0,1.0
1.0,1.0
0.0,1.4399974e-11
1.0,1.0
1.0,1.0
0.0,1.7010315e-11
1.0,1.0
1.0,1.0
0.0,0.0002713698
1.0,1.0
1.0,1.0
1.0,1.0
0.0,4.132423e-10
1.0,1.0
1.0,1.0
1.0,1.0
1.0,1.0
1.0,1.0
1.0,1.0
1.0,1.0
0.0,0.02092592
0.0,4.404995e-10
1.0,1.0
1.0,1.0
1.0,1.0
1.0,1.0
1.0,1.0
0.0,1.3817227e-09
1.0,1.0
0.0,1.9911452e-06
1.0,1.0
0.0,0.00011300322
1.0,1.0
0.0,9.7928686e-11
0.0,2.3965572e-06
1.0,1.0
1.0,1.0
0.0,2.4492753e-11
0.0,8.13839e-07
1.0,1.0
1.0,1.0
0.0,1.9011306e-05
1.0,1.0
1.0,1.0
1.0,1.0
1.0,1.0
1.0,1.0
1.0,1.0
0.0,5.6796655e-12
1.0,1.0
0.0,0.023838706
1.0,1.0
1.0,1.0
0.0,4.3577253e-05
0.0,1.90172e-05
0.0,3.0574595e-11
1.0,1.0
0.0,1.6222637e-10
0.0,6.5356e-11
0.0,1.4996713e-09
1.0,1.0
0.0,0.00035511854
1.0,0.99997246
1.0,1.0
0.0,2.0520892e-08
1.0,0.99999535
1.0,1.0
1.0,1.0
0.0,3.9439345e-07
1.0,0.99977344
0.0,2.902168e-08
1.0,1.0
0.0,1.0377914e-10
0.0,2.0289177e-11
0.0,2.7987784e-10
0.0,6.2480077e-10
0.0,1.659573e-07
0.0,5.843765e-11
1.0,1.0
1.0,1.0
0.0,3.2188523e-06
1.0,1.0
0.0,0.0013666793
1.0,1.0
0.0,1.0285713e-09
1.0,1.0
1.0,1.0
1.0,1.0
1.0,1.0
0.0,3.323313e-11
0.0,1.8347302e-05
1.0,1.0
1.0,1.0
1.0,1.0
1.0,1.0
0.0,6.524229e-11
1.0,1.0
1.0,1.0
1.0,0.9999989
1.0,1.0
0.0,2.0528507e-10
1.0,1.0
0.0,2.655958e-10
0.0,4.6307487e-06
0.0,1.2445493e-10
1.0,1.0
1.0,1.0
1.0,1.0
0.0,2.0170853e-07
1.0,0.999995
1.0,1.0
0.0,2.2448672e-09
1.0,1.0
1.0,1.0
1.0,1.0
1.0,1.0
1.0,1.0
1.0,1.0
0.0,8.609096e-10
1.0,1.0
1.0,1.0
1.0,1.0
1.0,1.0
0.0,1.5024965e-10
0.0,9.8988925e-12
1.0,1.0
0.0,0.0045237807
1.0,1.0
1.0,1.0
0.0,3.6042053e-10
1.0,1.0
0.0,1.0488781e-09
1.0,1.0
0.0,1.1311625e-10
1.0,1.0
1.0,0.99999547
0.0,1.4346604e-10
0.0,9.473031e-08
1.0,1.0
0.0,1.9318219e-07
1.0,1.0
0.0,1.1610885e-05
1.0,1.0
1.0,1.0
1.0,1.0
1.0,1.0
0.0,8.229979e-09
1.0,1.0
1.0,1.0
1.0,1.0
0.0,7.5471753e-06
1.0,1.0
1.0,0.9999999
0.0,4.1987103e-09
0.0,1.8192408e-11
1.0,1.0
1.0,1.0
1.0,1.0
1.0,1.0
0.0,8.8455215e-10
1.0,1.0
1.0,1.0
0.0,3.867104e-09
1.0,1.0
1.0,1.0
1.0,1.0
1.0,1.0
1.0,1.0
1.0,1.0
1.0,1.0
1.0,1.0
0.0,1.0401977e-09
1.0,0.99984896
0.0,7.1889255e-05
1.0,1.0
0.0,0.76472443
0.0,1.5146541e-09
0.0,2.568698e-08
1.0,1.0
0.0,4.5451518e-11
1.0,1.0
1.0,1.0
1.0,1.0
1.0,1.0
1.0,1.0
1.0,1.0
1.0,1.0
1.0,1.0
1.0,1.0
0.0,4.742336e-07
1.0,1.0
1.0,1.0
1.0,1.0
1.0,1.0
0.0,2.5520647e-08
0.0,9.800269e-11
1.0,1.0
1.0,1.0
1.0,1.0
1.0,1.0
0.0,6.313241e-08
1.0,1.0
0.0,1.9327242e-06
1.0,1.0
0.0,2.1309147e-06
1.0,1.0
1.0,0.99771476
0.0,8.7975826e-07
1.0,1.0
1.0,1.0
0.0,5.410037e-05
1.0,0.999997
1.0,1.0
0.0,1.4489737e-05
0.0,3.9686132e-10
1.0,1.0
1.0,1.0
0.0,1.2273549e-10
0.0,3.967684e-09
1.0,1.0
1.0,1.0
1.0,1.0
1.0,1.0
1.0,1.0
0.0,0.013457559
0.0,1.7695675e-09
0.0,5.8684835e-11
0.0,1.8080692e-09
0.0,1.1464599e-07
1.0,1.0
0.0,4.590946e-11
1.0,1.0
1.0,1.0
1.0,1.0
1.0,1.0
1.0,1.0
1.0,1.0
0.0,8.0630846e-10
1.0,1.0
1.0,1.0
1.0,0.99998915
0.0,1.627347e-09
1.0,1.0
1.0,1.0
0.0,2.8306357e-10
0.0,8.172235e-11
1.0,1.0
1.0,1.0
1.0,1.0
1.0,1.0
1.0,1.0
1.0,1.0
1.0,0.9999746
0.0,6.4171255e-12
0.0,1.0347105e-09
0.0,1.123166e-08
0.0,0.06623785
0.0,2.9885382e-06
1.0,1.0
1.0,1.0
1.0,1.0
1.0,1.0
1.0,1.0
1.0,1.0
0.0,1.9299234e-05
1.0,1.0
0.0,3.3327616e-09
0.0,5.616543e-10
1.0,0.99998534
1.0,1.0
0.0,4.1147496e-06
1.0,1.0
0.0,1.2954411e-09
1.0,1.0
0.0,1.252699e-10
1.0,1.0
0.0,1.6696393e-06
1.0,1.0
1.0,1.0
1.0,1.0
1.0,1.0
0.0,7.309382e-11
1.0,1.0
0.0,9.0403074e-10
0.0,7.997377e-10
1.0,1.0
1.0,1.0
1.0,1.0
1.0,1.0
0.0,0.005012129
1.0,1.0
1.0,1.0
1.0,1.0
1.0,1.0
1.0,1.0
0.0,1.2994593e-10
0.0,3.046933e-08
0.0,1.46216035e-08
1.0,1.0
1.0,1.0
1.0,1.0
1.0,1.0
1.0,1.0
1.0,1.0
1.0,1.0
0.0,1.3310336e-05
1.0,1.0
1.0,1.0
0.0,1.7664811e-10
1.0,1.0
1.0,1.0
1.0,1.0
0.0,4.3377836e-11
1.0,1.0
0.0,9.1935284e-08
1.0,1.0
0.0,4.7194258e-06
0.0,7.703614e-10
1.0,1.0
0.0,4.6912946e-06
1.0,1.0
0.0,2.96919e-07
1.0,1.0
1.0,1.0
1.0,1.0
1.0,1.0
0.0,1.5565658e-05
1.0,1.0
0.0,3.7297765e-09
0.0,2.4432342e-10
0.0,1.329194e-11
1.0,1.0
1.0,0.9999999
1.0,1.0
0.0,4.3852613e-10
1.0,1.0
0.0,4.8991557e-09
0.0,3.5069211e-10
1.0,1.0
1.0,1.0
0.0,1.4498701e-10
1.0,1.0
0.0,1.4189537e-05
0.0,3.467332e-11
0.0,6.822677e-11
1.0,1.0
1.0,1.0
1.0,1.0
0.0,1.7548692e-09
0.0,9.270345e-10
1.0,1.0
1.0,1.0
1.0,1.0
1.0,1.0
0.0,8.8189384e-10
0.0,1.2098716e-10
1.0,0.9947231
1.0,1.0
0.0,1.3346598e-09
1.0,1.0
1.0,1.0
1.0,1.0
0.0,3.108037e-11
1.0,1.0
1.0,1.0
1.0,1.0
1.0,1.0
0.0,1.576865e-11
1.0,1.0
1.0,1.0
0.0,4.7570907e-09
0.0,1.1617725e-10
1.0,1.0
1.0,1.0
1.0,1.0
1.0,1.0
1.0,1.0
0.0,7.819764e-07
0.0,0.6454724
1.0,1.0
0.0,1.9429578e-11
0.0,2.9795415e-09
0.0,2.420826e-06
0.0,2.458417e-10
1.0,1.0
0.0,8.0554907e-10
0.0,1.9825643e-11
0.0,6.9301653e-09
1.0,1.0
0.0,4.49066e-07
1.0,1.0
0.0,2.7300509e-11
1.0,1.0
1.0,1.0
0.0,0.00183362
1.0,1.0
0.0,1.8639616e-10
1.0,1.0
0.0,5.6569508e-08
0.0,4.5975906e-10
0.0,6.156326e-11
0.0,1.2552616e-06
1.0,1.0
0.0,1.3015677e-10
1.0,1.0
1.0,1.0
0.0,8.8137504e-08
1.0,1.0
0.0,3.4785699e-06
1.0,1.0
0.0,2.3315877e-06
0.0,0.007662633
1.0,1.0
1.0,1.0
1.0,1.0
1.0,1.0
1.0,1.0
1.0,1.0
0.0,4.4290093e-08
0.0,1.3155683e-05
1.0,1.0
0.0,1.0108875e-05
0.0,6.6102372e-09
0.0,7.4321674e-11
1.0,1.0
1.0,1.0
1.0,1.0
1.0,1.0
1.0,1.0
1.0,1.0
1.0,0.9889585
0.0,5.838014e-08
0.0,1.2339567e-08
1.0,1.0
1.0,0.98883396
1.0,1.0
1.0,1.0
0.0,6.7201912e-12
1.0,1.0
1.0,1.0
1.0,1.0
1.0,1.0
1.0,1.0
0.0,3.6715786e-10
0.0,3.1825238e-08
1.0,1.0
1.0,0.99477756
1.0,1.0
1.0,1.0
0.0,0.27768806
1.0,1.0
1.0,1.0
1.0,1.0
1.0,1.0
1.0,1.0
0.0,1.2459322e-09
0.0,3.859919e-09
1.0,0.9997216
1.0,1.0
1.0,1.0
0.0,0.023606542
0.0,3.1170447e-10
1.0,1.0
0.0,0.00018680605
0.0,5.7851095e-11
1.0,1.0
1.0,1.0
1.0,1.0
0.0,8.3849926e-08
0.0,1.254972e-06
0.0,5.532592e-05
1.0,1.0
1.0,1.0
1.0,1.0
1.0,1.0
0.0,7.407864e-08
0.0,4.8155324e-10
1.0,1.0
0.0,2.6226536e-07
1.0,1.0
0.0,6.425258e-07
1.0,1.0
1.0,1.0
0.0,2.5991415e-06
1.0,1.0
0.0,1.284464e-07
1.0,1.0
1.0,1.0
0.0,1.5332537e-09
1.0,1.0
1.0,1.0
0.0,1.2577626e-10
1.0,1.0
0.0,3.520103e-10
0.0,3.1670067e-10
1.0,1.0
1.0,0.99976414
1.0,1.0
0.0,1.7356335e-06
0.0,3.0285977e-10
1.0,1.0
0.0,1.6336786e-06
1.0,1.0
1.0,1.0
1.0,1.0
1.0,1.0
0.0,6.717276e-10
1.0,0.99999964
1.0,1.0
1.0,1.0
0.0,9.347942e-09
0.0,6.6317845e-08
0.0,4.2890687e-12
0.0,1.9387913e-09
1.0,1.0
1.0,1.0
1.0,1.0
1.0,1.0
0.0,2.7875302e-07
1.0,1.0
0.0,6.513315e-10
1.0,1.0
1.0,1.0
1.0,1.0
1.0,1.0
1.0,1.0
0.0,1.5898253e-06
0.0,1.0573213e-07
1.0,1.0
1.0,1.0
0.0,5.6329327e-11
1.0,0.9999999
1.0,1.0
1.0,1.0
1.0,1.0
1.0,1.0
1.0,1.0
1.0,1.0
1.0,1.0
1.0,1.0
0.0,7.0095294e-09
0.0,8.124894e-11
0.0,2.2270395e-10
1.0,1.0
0.0,9.782718e-10
1.0,1.0
1.0,1.0
1.0,1.0
0.0,2.5411845e-08
1.0,1.0
1.0,1.0
1.0,1.0
0.0,1.0322396e-07
1.0,1.0
1.0,1.0
1.0,1.0
1.0,0.9999993
0.0,6.3409035e-11
1.0,1.0
0.0,3.0540815e-07
1.0,1.0
0.0,8.160993e-10
0.0,4.248684e-07
1.0,1.0
1.0,0.9999901
1.0,1.0
0.0,0.00031667924
1.0,1.0
1.0,0.9999969
1.0,1.0
0.0,4.569388e-10
1.0,1.0
1.0,1.0
0.0,2.0186376e-06
1.0,1.0
1.0,1.0
1.0,1.0
1.0,1.0
0.0,4.7645863e-11
1.0,1.0
1.0,1.0
0.0,1.12548096e-10
1.0,0.93875957
0.0,3.4991288e-11
1.0,1.0
1.0,0.99892753
0.0,1.1608245e-10
0.0,3.9258747e-09
0.0,1.6247201e-09
1.0,1.0
1.0,1.0
1.0,1.0
1.0,1.0
1.0,1.0
1.0,1.0
1.0,1.0
1.0,1.0
1.0,1.0
0.0,1.0868966e-07
0.0,1.9005296e-06
1.0,1.0
1.0,1.0
0.0,2.1809957e-11
1.0,1.0
1.0,1.0
0.0,7.6486373e-10
1.0,1.0
1.0,1.0
1.0,1.0
0.0,1.4936651e-06
0.0,0.004088833
1.0,1.0
1.0,1.0
1.0,1.0
1.0,1.0
1.0,1.0
1.0,1.0
1.0,1.0
0.0,1.1752147e-06
1.0,1.0
0.0,2.6767966e-08
1.0,1.0
0.0,2.8015293e-10
1.0,1.0
1.0,1.0
0.0,1.2508249e-10
1.0,1.0
0.0,6.5920314e-09
0.0,1.765968e-11
1.0,1.0
1.0,1.0
1.0,1.0
1.0,1.0
1.0,0.9999976
0.0,6.1979817e-09
1.0,1.0
1.0,1.0
0.0,1.7822101e-11
1.0,1.0
0.0,8.3871396e-11
0.0,3.445155e-07
1.0,0.9999999
1.0,1.0
0.0,6.171884e-07
1.0,1.0
0.0,0.00017885462
1.0,1.0
1.0,1.0
1.0,1.0
1.0,1.0
1.0,1.0
1.0,1.0
1.0,1.0
0.0,3.1965637e-06
1.0,1.0
0.0,0.00013029457
1.0,1.0
0.0,1.4804261e-08
1.0,1.0
0.0,6.512778e-11
0.0,5.990301e-12
1.0,1.0
1.0,1.0
0.0,9.470322e-08
0.0,3.6705161e-09
0.0,1.4875013e-09
1.0,1.0
1.0,1.0
0.0,0.10251414
1.0,1.0
1.0,1.0
0.0,2.0754006e-11
1.0,1.0
1.0,1.0
1.0,1.0
0.0,1.757243e-10
1.0,1.0
1.0,1.0
1.0,1.0
0.0,0.15634975
0.0,4.9192006e-10
1.0,1.0
1.0,1.0
0.0,1.108894e-11
1.0,1.0
1.0,0.9999999
0.0,6.706926e-08
1.0,1.0
1.0,1.0
1.0,1.0
1.0,1.0
1.0,1.0
1.0,1.0
1.0,1.0
1.0,1.0
0.0,9.376442e-09
1.0,1.0
1.0,1.0
1.0,1.0
0.0,5.1028668e-08
0.0,1.14903045e-10
0.0,3.1908216e-11
1.0,1.0
0.0,3.6210665e-10
1.0,1.0
1.0,1.0
1.0,1.0
0.0,4.2588133e-10
1.0,1.0
0.0,2.4894237e-07
1.0,1.0
0.0,1.2644482e-06
1.0,1.0
1.0,1.0
1.0,1.0
0.0,5.7296105e-11
0.0,4.891702e-10
1.0,1.0
0.0,1.9892688e-11
1.0,1.0
0.0,3.7670898e-09
0.0,7.7046244e-11
1.0,1.0
0.0,4.8439286e-08
1.0,1.0
1.0,1.0
0.0,1.3742137e-09
1.0,1.0
0.0,4.834791e-07
1.0,1.0
1.0,1.0
0.0,1.7114489e-11
1.0,1.0
1.0,1.0
1.0,1.0
1.0,1.0
1.0,1.0
1.0,1.0
0.0,0.34958106
0.0,1.2452617e-10
0.0,7.557343e-08
1.0,1.0
1.0,1.0
1.0,0.999997
1.0,1.0
1.0,1.0
1.0,1.0
1.0,1.0
1.0,1.0
1.0,1.0
1.0,1.0
1.0,1.0
0.0,1.5901097e-10
1.0,1.0
1.0,1.0
1.0,1.0
1.0,1.0
1.0,1.0
0.0,0.00021219894
1.0,1.0
1.0,1.0
0.0,1.1167006e-11
0.0,9.484449e-10
1.0,0.9999999
1.0,1.0
0.0,1.23194795e-05
1.0,1.0
1.0,1.0
1.0,1.0
1.0,1.0
1.0,1.0
1.0,1.0
0.0,1.2116053e-07
1.0,1.0
1.0,1.0
1.0,1.0
0.0,1.3118905e-11
1.0,1.0
1.0,1.0
0.0,8.1445406e-10
0.0,2.2794753e-09
1.0,1.0
1.0,1.0
1.0,1.0
0.0,2.4708874e-07
1.0,1.0
1.0,1.0
1.0,1.0
1.0,1.0
1.0,1.0
1.0,1.0
1.0,0.9999924
1.0,1.0
1.0,1.0
0.0,6.9954986e-11
0.0,2.118516e-10
1.0,1.0
1.0,1.0
1.0,1.0
1.0,1.0
1.0,1.0
0.0,1.0252671e-09
1.0,1.0
0.0,1.1324983e-11
1.0,1.0
1.0,1.0
0.0,2.966332e-11
1.0,1.0
0.0,1.1845296e-05
0.0,0.00014622939
0.0,1.7360717e-10
1.0,1.0
1.0,1.0
1.0,1.0
1.0,1.0
1.0,1.0
1.0,1.0
1.0,1.0
0.0,1.7819614e-08
1.0,1.0
0.0,1.7629334e-10
1.0,1.0
0.0,6.7686956e-10
1.0,1.0
1.0,1.0
1.0,1.0
1.0,1.0
1.0,1.0
0.0,1.6770353e-10
1.0,1.0
1.0,1.0
1.0,1.0
1.0,1.0
1.0,1.0
1.0,1.0
1.0,1.0
1.0,1.0
0.0,8.849724e-10
1.0,1.0
1.0,1.0
0.0,5.973575e-07
0.0,3.7204667e-10
0.0,1.278599e-09
0.0,1.1721832e-09
1.0,0.99999917
1.0,1.0
1.0,1.0
0.0,2.827639e-07
0.0,1.153206e-11
0.0,4.7431333e-11
1.0,1.0
0.0,4.7942985e-06
1.0,0.99976104
0.0,8.9441415e-10
1.0,1.0
0.0,2.7676088e-09
0.0,1.1104491e-06
1.0,1.0
1.0,1.0
0.0,3.1163387e-09
0.0,5.113847e-07
1.0,1.0
0.0,6.861701e-10
0.0,9.688532e-07
0.0,5.4589617e-07
1.0,1.0
0.0,7.732474e-08
0.0,4.2100076e-10
1.0,1.0
1.0,1.0
1.0,1.0
0.0,9.874924e-12
1.0,1.0
1.0,1.0
1.0,1.0
0.0,4.3882507e-09
1.0,1.0
0.0,1.0218442e-06
1.0,1.0
1.0,1.0
0.0,0.016225941
0.0,2.1281091e-11
1.0,0.9312019
1.0,1.0
0.0,1.3395993e-10
1.0,1.0
1.0,1.0
1.0,1.0
1.0,1.0
1.0,1.0
0.0,1.2527887e-08
0.0,1.1197431e-09
1.0,1.0
1.0,1.0
1.0,1.0
1.0,1.0
1.0,1.0
1.0,1.0
1.0,1.0
1.0,1.0
0.0,4.1374626e-10
1.0,1.0
0.0,1.0416367e-06
1.0,1.0
1.0,1.0
0.0,1.1169297e-09
1.0,1.0
0.0,3.9348123e-08
0.0,6.5701616e-10
1.0,1.0
1.0,1.0
0.0,9.996779e-08
0.0,3.5476955e-07
0.0,3.155482e-07
1.0,1.0
1.0,1.0
1.0,1.0
1.0,1.0
0.0,5.598443e-11
1.0,1.0
1.0,0.6631988
0.0,1.3323427e-09
0.0,3.0056053e-05
1.0,1.0
1.0,0.9999999
0.0,3.0770613e-09
1.0,1.0
1.0,1.0
1.0,1.0
1.0,1.0
0.0,0.0598822
0.0,3.1925552e-08
1.0,1.0
1.0,1.0
1.0,1.0
1.0,1.0
1.0,1.0
0.0,3.7342355e-11
1.0,1.0
1.0,0.9994198
1.0,1.0
0.0,0.086546294
1.0,1.0
0.0,3.9022222e-10
0.0,2.6620453e-09
1.0,1.0
0.0,7.1169285e-07
0.0,8.095814e-07
0.0,0.048297152
0.0,6.5755866e-11
1.0,1.0
0.0,0.00011063333
1.0,1.0
0.0,4.3698943e-08
1.0,0.80358875
1.0,1.0
0.0,0.0001137122
0.0,4.0613813e-06
1.0,1.0
1.0,1.0
1.0,1.0
0.0,4.489824e-08
1.0,1.0
1.0,1.0
0.0,4.4772768e-09
1.0,1.0
1.0,1.0
1.0,1.0
1.0,1.0
0.0,1.0574347e-10
1.0,1.0
0.0,4.1448962e-05
1.0,1.0
1.0,1.0
0.0,9.919163e-10
1.0,1.0
1.0,1.0
1.0,1.0
1.0,1.0
1.0,1.0
0.0,5.964356e-11
1.0,1.0
1.0,1.0
1.0,1.0
0.0,4.3905407e-06
1.0,1.0
1.0,1.0
0.0,3.402646e-06
1.0,1.0
0.0,3.0304335e-11
0.0,1.1436667e-05
0.0,2.6328449e-08
1.0,1.0
0.0,1.2464926e-10
1.0,1.0
1.0,1.0
1.0,1.0
0.0,4.4393682e-06
1.0,1.0
1.0,1.0
1.0,1.0
1.0,1.0
0.0,4.80492e-09
1.0,1.0
1.0,0.99999976
1.0,1.0
0.0,0.03352941
0.0,4.798474e-12
1.0,0.9973028
0.0,4.7434117e-08
1.0,1.0
0.0,6.6943508e-06
0.0,1.5581737e-10
1.0,1.0
1.0,1.0
1.0,1.0
1.0,1.0
0.0,7.8160645e-11
1.0,1.0
0.0,9.5505165e-08
1.0,1.0
0.0,1.702705e-09
1.0,1.0
0.0,1.8981745e-10
1.0,1.0
0.0,1.9703728e-11
1.0,1.0
1.0,1.0
0.0,1.4449292e-09
1.0,1.0
0.0,2.7739472e-07
0.0,5.180914e-11
1.0,1.0
0.0,8.923318e-10
1.0,1.0
0.0,2.0083416e-08
1.0,1.0
1.0,1.0
1.0,1.0
1.0,1.0
1.0,1.0
0.0,1.5958071e-06
1.0,1.0
1.0,0.99999976
1.0,1.0
0.0,6.495742e-08
0.0,2.3040738e-11
1.0,1.0
0.0,3.81816e-09
1.0,1.0
1.0,1.0
1.0,1.0
0.0,7.707332e-10
1.0,1.0
0.0,3.7997523e-08
1.0,1.0
1.0,0.99999976
1.0,1.0
1.0,1.0
1.0,1.0
1.0,1.0
0.0,4.677061e-10
1.0,1.0
1.0,1.0
1.0,1.0
1.0,1.0
1.0,1.0
0.0,1.9255793e-05
1.0,1.0
1.0,1.0
0.0,0.23999196
0.0,1.17431555e-05
1.0,1.0
1.0,1.0
1.0,1.0
1.0,1.0
1.0,1.0
0.0,0.001424041
1.0,1.0
0.0,2.7487368e-10
1.0,1.0
1.0,1.0
0.0,2.221274e-06
0.0,1.2654944e-10
0.0,4.3141646e-09
1.0,1.0
1.0,1.0
1.0,1.0
0.0,3.2403022e-08
1.0,1.0
1.0,1.0
1.0,1.0
0.0,1.7844788e-11
1.0,1.0
0.0,2.6003118e-11
1.0,1.0
0.0,8.405509e-11
1.0,1.0
0.0,2.9477084e-11
1.0,1.0
0.0,1.5137269e-06
1.0,0.9999901
1.0,1.0
1.0,1.0
1.0,1.0
1.0,1.0
1.0,1.0
1.0,1.0
0.0,1.2522947e-05
1.0,1.0
0.0,2.7276439e-09
0.0,1.3237457e-09
0.0,8.041565e-07
1.0,1.0
1.0,1.0
1.0,1.0
1.0,1.0
1.0,1.0
1.0,1.0
0.0,1.6697e-11
0.0,5.114974e-10
1.0,1.0
1.0,1.0
0.0,2.0502492e-07
1.0,1.0
1.0,1.0
0.0,1.8090042e-09
1.0,1.0
0.0,7.940417e-08
1.0,1.0
0.0,2.1763259e-10
1.0,0.9930046
0.0,4.049522e-09
1.0,1.0
0.0,1.3431697e-08
0.0,8.8100535e-08
1.0,1.0
1.0,1.0
1.0,1.0
0.0,1.8083625e-09
0.0,2.2190935e-10
1.0,1.0
1.0,1.0
1.0,1.0
0.0,0.0010180474
0.0,1.8448364e-11
0.0,0.811109
0.0,2.1381506e-11
0.0,1.7378695e-06
0.0,6.3810984e-11
1.0,1.0
1.0,1.0
1.0,1.0
1.0,1.0
0.0,6.0666756e-11
1.0,1.0
0.0,4.0931656e-08
1.0,1.0
1.0,1.0
1.0,1.0
1.0,1.0
1.0,1.0
1.0,1.0
1.0,1.0
1.0,1.0
0.0,6.31446e-11
1.0,1.0
1.0,1.0
0.0,2.306134e-09
1.0,1.0
1.0,1.0
0.0,2.321068e-08
1.0,1.0
0.0,4.674145e-10
1.0,1.0
1.0,1.0
1.0,1.0
1.0,1.0
0.0,3.3024736e-11
1.0,1.0
0.0,5.6461173e-12
1.0,1.0
1.0,1.0
1.0,1.0
0.0,5.327745e-06
1.0,1.0
1.0,1.0
1.0,1.0
1.0,1.0
0.0,0.079763375
1.0,1.0
1.0,1.0
1.0,1.0
1.0,1.0
0.0,0.0019932475
0.0,3.742441e-08
1.0,1.0
0.0,3.7163886e-10
1.0,1.0
1.0,0.83162904
1.0,1.0
1.0,1.0
1.0,1.0
1.0,1.0
1.0,1.0
1.0,1.0
1.0,1.0
1.0,1.0
1.0,1.0
1.0,1.0
1.0,1.0
0.0,8.833407e-12
0.0,3.508316e-08
0.0,2.2186164e-09
1.0,1.0
0.0,6.4900877e-07
1.0,1.0
0.0,2.656044e-10
1.0,1.0
0.0,1.464824e-11
1.0,0.99999976
1.0,1.0
1.0,1.0
1.0,1.0
1.0,1.0
1.0,1.0
0.0,3.27998e-08
1.0,1.0
1.0,1.0
0.0,2.6529451e-05
1.0,1.0
0.0,1.7275896e-06
0.0,9.474907e-09
0.0,5.578302e-06
1.0,1.0
1.0,1.0
0.0,6.3605904e-10
1.0,1.0
0.0,7.3993665e-11
1.0,1.0
1.0,1.0
1.0,1.0
0.0,8.403641e-09
1.0,1.0
1.0,1.0
1.0,1.0
0.0,5.8563604e-08
0.0,8.01516e-12
0.0,0.07372368
0.0,4.2552287e-08
1.0,1.0
0.0,4.3943396e-09
0.0,5.9697225e-09
1.0,1.0
1.0,1.0
1.0,1.0
0.0,3.9703827e-11
0.0,3.76631e-11
1.0,1.0
1.0,1.0
1.0,1.0
1.0,1.0
0.0,3.5272748e-07
1.0,1.0
1.0,1.0
0.0,1.4189432e-08
1.0,1.0
0.0,9.062747e-11
0.0,4.6372807e-06
1.0,1.0
0.0,8.705374e-11
1.0,1.0
1.0,1.0
1.0,1.0
1.0,1.0
1.0,1.0
0.0,7.851319e-09
1.0,1.0
0.0,0.00015386374
0.0,2.1863768e-11
1.0,1.0
1.0,1.0
1.0,1.0
1.0,1.0
0.0,1.0771808e-10
1.0,1.0
1.0,1.0
0.0,8.442782e-08
1.0,1.0
1.0,1.0
1.0,1.0
1.0,1.0
0.0,0.80803514
1.0,1.0
1.0,1.0
0.0,1.7383419e-06
0.0,1.1288144e-08
1.0,1.0
0.0,2.6160966e-11
1.0,1.0
1.0,1.0
0.0,1.9630479e-05
1.0,0.9987562
1.0,1.0
1.0,1.0
1.0,1.0
1.0,1.0
1.0,1.0
0.0,3.9662277e-11
0.0,9.435623e-10
1.0,1.0
1.0,1.0
1.0,1.0
1.0,1.0
1.0,1.0
1.0,1.0
1.0,1.0
0.0,4.4695832e-07
1.0,1.0
1.0,1.0
1.0,1.0
1.0,1.0
1.0,1.0
0.0,2.6006405e-10
1.0,1.0
1.0,1.0
1.0,1.0
1.0,1.0
0.0,6.571471e-07
1.0,1.0
1.0,1.0
1.0,1.0
1.0,1.0
1.0,1.0
1.0,1.0
0.0,0.7157972
1.0,1.0
1.0,1.0
1.0,1.0
0.0,3.0793745e-09
1.0,1.0
1.0,1.0
0.0,3.3885932e-08
1.0,1.0
1.0,1.0
1.0,1.0
0.0,4.0670284e-06
0.0,1.8205092e-06
1.0,1.0
1.0,1.0
1.0,1.0
1.0,1.0
1.0,1.0
1.0,1.0
1.0,1.0
0.0,3.351433e-09
1.0,1.0
1.0,1.0
1.0,1.0
0.0,2.1658917e-09
1.0,1.0
0.0,8.629539e-12
1.0,1.0
0.0,3.5366363e-11
1.0,1.0
1.0,1.0
1.0,1.0
0.0,7.925861e-08
0.0,1.3438647e-11
1.0,1.0
1.0,1.0
0.0,2.7748652e-06
1.0,1.0
1.0,1.0
1.0,1.0
1.0,1.0
1.0,1.0
1.0,1.0
0.0,1.0688851e-05
1.0,1.0
0.0,5.65533e-09
1.0,1.0
1.0,1.0
1.0,1.0
1.0,1.0
1.0,1.0
1.0,1.0
1.0,1.0
0.0,1.5185344e-07
0.0,3.2260566e-12
1.0,1.0
0.0,3.7421036e-05
0.0,1.4655306e-05
1.0,1.0
1.0,1.0
1.0,1.0
1.0,1.0
1.0,1.0
0.0,2.6876433e-11
0.0,2.0066567e-08
0.0,3.4967773e-09
1.0,1.0
1.0,1.0
0.0,0.047970068
1.0,1.0
0.0,3.8679576e-10
0.0,3.597236e-06
1.0,1.0
1.0,1.0
0.0,9.144495e-11
1.0,1.0
1.0,1.0
1.0,1.0
1.0,1.0
0.0,2.1260564e-11
1.0,1.0
0.0,1.1487661e-05
1.0,1.0
1.0,1.0
1.0,1.0
1.0,1.0
1.0,1.0
1.0,1.0
0.0,1.4932891e-06
1.0,1.0
0.0,1.07079776e-10
1.0,1.0
1.0,1.0
1.0,1.0
1.0,1.0
0.0,2.0143423e-11
0.0,1.0072782e-11
0.0,7.3931528e-09
0.0,9.138637e-06
0.0,6.8915837e-09
1.0,1.0
0.0,8.0510054e-10
0.0,2.2946924e-07
1.0,1.0
1.0,1.0
0.0,1.4560933e-08
1.0,1.0
1.0,1.0
1.0,1.0
1.0,1.0
1.0,1.0
0.0,1.430263e-08
1.0,1.0
1.0,1.0
1.0,1.0
1.0,1.0
0.0,2.0117679e-09
1.0,1.0
1.0,1.0
1.0,1.0
1.0,1.0
0.0,1.3829479e-10
1.0,1.0
0.0,5.62814e-07
0.0,1.4384609e-10
1.0,1.0
1.0,1.0
1.0,1.0
1.0,1.0
0.0,1.0172393e-10
0.0,8.72492e-05
1.0,1.0
1.0,1.0
1.0,1.0
1.0,1.0
1.0,1.0
1.0,1.0
0.0,8.522343e-10
